EUCS Category,EUCS Control (2022),EUCS Text,Code,C5.2020 GERMANY ,SecNumCloud FRANCE ,ISO 27002 ,ISO 27017 
A1 - Organisation of Information Security,OIS-01  - INFORMATION SECURITY MANAGEMENT SYSTEM,"[OIS-01] (Basic) The CSP shall define, implement, maintain and continually improve an information security management system (ISMS), covering at least the operational units, locations and processes for providing the cloud service

[OIS-01] (High) The ISMS shall have a valid certification according to ISO/IEC 27001 or to national schemes based on ISO 27001

[OIS-01] (Basic) The CSP shall document the measures for documenting, implementing, maintaining and

[OIS-01] (Substantial) The documentation shall include at least: - Scope of the ISMS (Section 4.3 of ISO/IEC 27001); - Declaration of applicability (Section 6.1.3), and - Results of the last management review (Section 9.3).",,OIS-01,,"5.4
5.21",
,OIS-02  - SEGREGATION OF DUTIES,"[OIS-02] (Basic) The CSP shall perform a risk assessment as defined in RM-01 about the accumulation of responsibilities or tasks on roles or individuals, regarding the provision of the cloud service

[OIS-02] (Basic) The risk assessment shall cover at least the following areas, insofar as these are applicable

[OIS-02] (Basic) The CSP shall implement the mitigating measures defined in the risk assessment, privileging separation of duties, unless impossible for organisational or technical reasons, in which case the measures shall include the monitoring of activities in order to detect unauthorised or unintended changes as well as misuse and the subsequent appropriate actions

[OIS-02] (High) The CSP shall automatically monitor the assignment of responsibilities and tasks to ensure",OIS-02,OIS-04," 6.1
 6.2",5.3,CLD.6.3.1
,OIS-03  - CONTACT WITH AUTHORITIES AND INTEREST GROUPS,"[OIS-03] (Basic) The CSP shall stay informed about current threats and vulnerabilities

[OIS-03] (Substantial) The CSP shall maintain contacts with the competent authorities in terms of information

[OIS-03] (High) The CSP shall maintain regular contact with its CAB and NCCA to stay informed about current threats and vulnerabilities",,OIS-05," 6.3
 6.4","5.5
5.6",CLD.6.3.1
,OIS-04 - INFORMATION SECURITY IN PROJECT MANAGEMENT,"[OIS-04] (Basic) The CSP shall include information security in the project management of all projects that may affect the service, regardless of the nature of the project

[OIS-04] (Substantial) The CSP shall perform a risk assessment according to RM-01 to assess and treat the risks",,"OIS-05
OIS-6
OIS-7",6.5,5.8,CLD.6.3.1
A2 - Information Security Policies,ISP-01  - GLOBAL INFORMATION SECURITY POLICY,"[ISP-01] (Substantial) The CSP shall review the global information security policy at least following any significant organizational change susceptible to affect the principles defined in the policy, including the approval and endorsement by top management

[ISP-01] (Basic) The CSP shall communicate and make available the global information security policy to internal and external employees and to cloud service customers",,OIS-02," 5.2
 5.1",5.1,
,ISP-02 - SECURITY POLICIES AND PROCEDURES,"[ISP-02] (Basic) The CSP shall communicate and make available the policies and procedures to all internal and external employees

[ISP-02] (Basic) The CSP’s top management shall approve the security policies and procedures or delegate

[ISP-02] (Basic) The CSP’s subject matter experts shall review the policies and procedures for adequacy at

[ISP-02] (Basic) After an update of procedures and policies, they shall be approved before they become effective, and then communicated and made available to internal and external employees",,"SP-01
SP-02","5.1
5.2",5.2,
,ISP-03  - EXCEPTIONS,"[ISP-03] (Basic) The CSP shall maintain a list of exceptions to the security policies and procedures, including associated controls.

[ISP-03] (Substantial) The exceptions shall be subjected to the RM-01 risk management process, including approval of these exceptions and acceptance of the associated risks by the risk owners

[ISP-03] (High) The exceptions to a security policy or procedure shall be approved by the top management or

[ISP-03] (Basic) The list of exceptions shall be reviewed at least annually

[ISP-03] (Substantial) The approvals of the list of exceptions shall be reiterated at least annually, even if the list has

[ISP-03] (High) The list of exceptions shall be automatically monitored to ensure that the validity of approved exceptions has not expired and that all reviews and approvals are up-to-date",ISP-03,SP-03,,,
A3 - Risk Management,RM-01  - RISK MANAGEMENT POLICY,"[RM-01] (Basic) The CSP shall document policies and procedures in accordance with ISP-02 for the following aspects: - Identification of risks associated with the loss of confidentiality, integrity, availability and authenticity of information within the scope of the ISMS and assigning risk owners; - Analysis of the probability and impact of occurrence and determination of the level of risk; - Evaluation of the risk analysis based on defined criteria for risk acceptance and prioritisation of handling; - Handling of risks through measures, including approval of authorisation and acceptance of residual risks by risk owners; and - Documentation of the activities implemented to enable consistent, valid and comparable results.

[RM-01] (Substantial) The CSP shall use a documented risk analysis method that guarantees reproducibility and",,OIS-06,,5.2,
,RM-02  - RISK ASSESSMENT IMPLEMENTATION,"[RM-02] (Basic) The CSP shall implement the policies and procedures covering risk assessment on the entire perimeter of the cloud service.

[RM-02] (Basic) The CSP shall review and revise the risk assessment at least annually, and after each major change that may affect the security of the cloud service.

[RM-02] (High) The CSP shall monitor the evolution of the risk factors and revise the risk assessment results",,OIS-07,5.3,5.2,
,RM-03  - RISK TREATMENT IMPLEMENTATION,"[RM-03] (Basic) The CSP shall prioritize risks according to their criticality

[RM-03] (Basic) The CSP shall define and implement a plan to treat risks according to their priority level by

[RM-03] (Basic) The risk treatment plan shall reduce the risk level to a threshold that the risk owners deem acceptable (Residual Risk).

[RM-03] (Substantial) The risk owners shall formally approve the treatment plan and in particular accept the

[RM-03] (Basic) The CSP shall make the risk treatment plan available to relevant stakeholders

[RM-03] (Basic) If the CSP shares risks with the CSC, the shared risks shall be associated to Complementary

[RM-03] (Basic) The CSP shall revise the risk treatment plan every time the risk assessment is revised.

[RM-03] (Substantial) The risk owners shall review for adequacy the analysis, evaluation and treatment of risks,",,OIS-07,,5.2,
A4 - Human Resources,HR-01  - HUMAN RESOURCE POLICIES,"[HR-01] (Basic) The CSP shall classify information security-sensitive positions according to their level of risk, including positions related to IT administration and to the provisioning of the cloud service in the production environment, and all positions with access to cloud customer data or system components.

[HR-01] (Basic) The CSP shall include in its employment contracts or on a dedicated code of conduct or

[HR-01] (Basic) If disciplinary measures are defined in the policy mentioned in HR-01.3, then the internal and",,HR-01,7.2,6.1,
,HR-02  - VERIFICATION OF QUALIFICATION AND TRUSTWORTHINESS,"[HR-02] (Basic) The competency and integrity of all internal and external employees of the CSP with access to cloud customer data or system components under the CSP’s responsibility, or who are responsible to provide the cloud service in the production environment shall be reviewed before commencement of employment in a position classified in objective HR-01. The extent of the review shall be proportional to the business context, the sensitivity of the information that will be accessed by the employee, and the associated risks.

[HR-02] (Substantial) The competency and integrity of internal and external employees of the CSP shall be

[HR-02] (High) The competency and integrity of internal and external employees of the CSP shall be reviewed annually for the employees in positions with the highest levels of risk classification, starting at a level to be defined in the human resource policy

[HR-02] (High) The agreement should at least stipulate that for any matter related to the security of the cloud service: - professional duties are performed with loyalty, discretion and impartiality; and - Internal and external employees use only those methods, tools and techniques that have been approved by the CSP. For higher levels, the following areas should also be included: - Request of a police clearance certificate for applicants; and - Evaluation of the risk to be blackmailed.",,HR-01,7.1,6.1,
,HR-03  - EMPLOYEE TERMS AND CONDITIONS,"[HR-03] (Basic) The CSP shall ensure that all internal and external employees are required by their employment terms and conditions to comply with all applicable information security policies and procedures

[HR-03] (Basic) The CSP shall ensure that the employment terms for all internal and external employees

[HR-03] (Basic) The CSP shall give a presentation of all applicable information security policies and procedures to internal and external employees before granting them any access to customer data, the production environment, or any component thereof

[HR-03] (Substantial) All internal and external employees shall acknowledge in a documented form the information

[HR-03] (High) The verification of the acknowledgement defined in HR-03.4 shall be automatically monitored in the processes and automated systems used to grant access rights to employees.",HR-03,HR-02,7.2,6.2,
,HR-04  - SECURITY AWARENESS AND TRAINING,"[HR-04] (Substantial) The CSP shall define an awareness and training program on a target group-oriented manner,

[HR-04] (Basic) The CSP shall review their security awareness and training program based on changes to policies and instructions and the current threat situation

[HR-04] (Basic) The CSP shall ensure that all employees complete the security awareness and training program defined for them

[HR-04] (Substantial) The CSP shall ensure that all employees complete the security awareness and training

[HR-04] (High) The CSP shall automatically monitor the completion of the security awareness and training program

[HR-04] (Substantial) The CSP shall measure and evaluate the learning outcomes achieved through the awareness

[HR-04] (High) The CSP shall measure and evaluate in a target group-oriented manner the learning outcomes achieved through the awareness and training programme. The measurements shall cover quantitative and qualitative aspects, and the results shall be used to improve the awareness and training programme.

[HR-04] (Substantial) The CSP shall verify the effectiveness of the security awareness and training program using",HR-04,HR-03,,6.3,
,HR-05  - TERMINATION OR CHANGE IN EMPLOYMENT,"[HR-05] (Basic) The CSP shall communicate to internal and external employees their ongoing responsibilities relating to information security when their employment is terminated or changed.

[HR-05] (Basic) The CSP shall apply a specific procedure to revoke the access rights and process

[HR-05] (Substantial) The procedure mentioned in HR-05.2 shall define specific roles and responsibilities and include a documented checklist of all required steps",HR-05,HR-05,7.5,6.5,
,HR-06  - CONFIDENTIALITY AGREEMENTS,"[HR-06] (Basic) The CSP shall ensure that non-disclosure or confidentiality agreements are agreed with internal employees, external service providers and suppliers

[HR-06] (Substantial) The agreements shall be accepted by external service providers and suppliers when the contract is agreed

[HR-06] (Substantial) The agreements shall be accepted by internal employees of the CSP before authorisation to

[HR-06] (Substantial) The CSP shall inform its internal employees, external service providers and suppliers and

[HR-06] (High) The CSP shall automatically monitor the confirmation of non-disclosure or confidentiality agreements by internal employees, external service providers and suppliers",HR-06,HR-06,,"6.2
6.6",
A5 - Asset Management,AM-01  - ASSET INVENTORY,"[AM-01] (Basic) The CSP shall document and implement policies and procedures for maintaining an inventory of assets

[AM-01] (Substantial) The inventory shall be performed automatically and/or by the people or teams responsible for

[AM-01] (Basic) The CSP shall record for each asset the information needed to apply the risk management procedure defined in RM-01.

[AM-01] (Substantial) The information recorded with assets shall include the measures taken to manage the risks

[AM-01] (High) The information about assets shall be considered by monitoring applications to identify the impact on cloud services and functions in case of events that could lead to a breach of protection objectives, and to support information provided to affected cloud customers in accordance with contractual agreements",AM-01,AM-01,"8.1.1.
8.1.2",5.9,
,AM-02  - ACCEPTABLE USE AND SAFE HANDLING OF ASSETS POLICY,"[AM-02] (Basic) The CSP shall document, communicate and implement policies and procedures for acceptable use and safe handling of assets (reference to ISP-01)

[AM-02] (Substantial) The policies and procedures for acceptable use and safe handling of assets shall address at

[AM-02] (High) When removable media is used in the technical infrastructure or for IT administration tasks, this media shall be dedicated to a single use",,AM-02,8.5,5.1,
,AM-03  - COMMISSIONING AND DECOMMISSIONING ,"[AM-03] (Basic) The CSP shall document, communicate and implement a procedure for the commissioning of hardware that is used to provide the cloud service in the production environment, based on applicable policies and procedures

[AM-03] (Substantial) The procedure mentioned in AM-03.1 shall ensure that the risks arising from the

[AM-03] (Substantial) The procedure mentioned in AM-03.1 shall include verification of the secure configuration of the mechanisms for error handling, logging, encryption, authentication and authorisation according to the intended use and based on the applicable policies, before authorization to commission the asset can be granted.

[AM-03] (Basic) The CSP shall document, communicate and implement a procedure for the decommissioning

[AM-03] (Basic) The procedure mentioned in AM.03-4 shall include the complete and permanent deletion of the data or the proper destruction of the media.

[AM-03] (High) The approval of the commissioning and decommissioning of hardware shall be digitally",AM-03,"AM-03
AM-04",8.1.4,7.1,
,"AM-04  - ACCEPTABLE USE, SAFE HANDLING AND RETURN OF ASSETS","[AM-04] (Basic) The CSP shall ensure and document that all internal and external employees are committed to the policies and procedures for acceptable use and safe handling of assets in the situations described in AM-03

[AM-04] (Basic) The procedure mentioned in HR-06.2 shall include steps to ensure that all assets under

[AM-04] (High) The CSP shall centrally manage the assets under the custody of internal and external employees, including at least software, data, and policy distribution, as well as remote deactivation, deletion or locking, as available on the asset.",AM-04,AM-05,,"5.11
5.12",CLD 8.1.5
,AM-05  - ASSET CLASSIFICATION AND LABELLING,"[AM-05] (Basic) The CSP shall define an asset classification schema that reflects for each asset the protection needs of the information it processes, stores, or transmits

[AM-05] (Substantial) The asset classification schema shall provide levels of protection for the confidentiality,

[AM-05] (Basic) When applicable, the CSP shall label all assets according to their classification in the asset classification schema

[AM-05] (Substantial) The need for protection shall be determined by the individuals or groups responsible for the",,AM-06,"8.2
8.3","5.12
5.13",
A6 - Physical Security,PS-01  - PHYSICAL SECURITY PERIMETERS,"[PS-01] (Basic) The CSP shall define security perimeters in the buildings and premises related to the cloud service provided

[PS-01] (Basic) The CSP shall define at least two security areas, with one covering all buildings and premises

[PS-01] (High) The CSP shall ensure that all delivery, loading areas, and other points through which unauthorised persons can penetrate into the premises without being accompanied are part of the public area",,PS-01,11,7.1,
,PS-02  - PHYSICAL SITE ACCESS CONTROL,"[PS-02] (Basic) The access control policy shall require at least one authentication factor for accessing any

[PS-02] (Substantial) The access control policy shall require at least two authentication factors are used for access to sensitive areas and to areas hosting system components that process cloud customer data

[PS-02] (Substantial) The access control policy shall include measures to individually track visitors and third-party

[PS-02] (Basic) The access control policy shall describe the physical access control derogations in case of emergency

[PS-02] (High) The access control policy shall describe the time slots and conditions for accessing each area

[PS-02] (Basic) The CSP shall display at the entrance of all non-public perimeters a warning concerning the limits and access conditions to these perimeters

[PS-02] (Basic) The CSP shall protect security perimeters with security measures to detect and prevent

[PS-02] (Substantial) The access control policy shall include logging of all accesses to non-public areas that enables the CSP to check whether only defined personnel have entered these zones",PS-02,"PS-03
PS-04",11.2,"5.1
5.15
7.2",
,PS-03  - WORKING IN NON-PUBLIC AREAS,"[PS-03] (Basic) The CSP shall document, communicate, and implement policies and procedures concerning work in non-public areas

[PS-03] (Substantial) The policies and procedures in PS-02.1 shall include a clear screen policy and a clear desk

[PS-03] (High) The CSP shall define a mapping between activities and zones that indicates which activities may/shall not/shall be performed in every security area

[PS-03] (High) The CSP shall define a mapping between assets and zones that indicates which assets",,,11.4,7.6,
,PS-04  - EQUIPMENT PROTECTION,"[PS-04] (Basic) The CSP shall document, communicate, and implement policies and procedures concerning the protection of equipment and including at least the following aspects: - Protecting power and communications cabling from interception, interference or damage; - Protecting equipment during maintenance operations; - Protecting equipment holding customer data during transport.

[PS-04] (Substantial) The procedures defined in PS-04.1 shall include a procedure to check the protection of power

[PS-04] (Substantial) The policies and procedures in PS-04.1 shall include a procedure for transferring any equipment containing customer data off-site for disposal that guarantees that the level of protection in terms of confidentiality and integrity of the assets during their transport is equivalent to that on the site

[PS-04] (High) The procedure mentioned in PS-04.3 shall include a formal validation by top management of

[PS-04] (High) The CSP shall ensure that the maintenance agreements for equipment used to host the cloud

[PS-04] (High) The CSP shall ensure that an equipment containing a media with customer data can be

[PS-04] (Basic) The CSP shall use encryption on the removable media and the backup media intended to move between security areas according to the sensitivity of the data stored on the media",,PS-06," 11.6
 11.7
 11.8
 10.1","7.8
7.12",
,PS-05 - PROTECTION AGAINST EXTERNAL AND ENVIRONMENTAL THREATS,"[PS-05] (Substantial) The CSP shall provide the cloud service from at least two locations that are separated by an adequate distance and that provide each other with operational redundancy or resilience

[PS-05] (Substantial) The CSP shall check the effectiveness of the redundancy at least once a year by suitable",,"PS-01
PS-02",11.3,7.5,
A7 - Operational security,OPS-01  - CAPACITY MANAGEMENT – PLANNING,[OPS-01] (High) The capacity projections shall be considered in accordance with the service level agreement for planning and preparing the provisioning,,OPS-01,12.1,8.6,
,OPS-02 - CAPACITY MANAGEMENT – MONITORING,"[OPS-02] (Basic) The CSP shall define and implement technical and organizational safeguards for the monitoring of provisioning and de-provisioning of cloud services to ensure compliance with the service level agreement

[OPS-02] (High) The CSP shall make available to the cloud customer the relevant information regarding

[OPS-02] (High) The provisioning and de-provisioning of cloud services shall be automatically monitored to guarantee fulfilment of OPS-02.1",OPS-02,OPS-02,,8.6,
,OPS-03 - CAPACITY MANAGEMENT – CONTROLLING OF RESOURCES,"[OPS-03] (Basic) The CSP shall enable CSCs to control and monitor the allocation of the system resources assigned to them, if the corresponding cloud capabilities are exposed to the CSCs",,OPS-03,,8.6,CLD.12.4.5
,OPS-04  - PROTECTION AGAINST MALWARE – POLICIES,"[OPS-04] (Basic) The CSP shall document, communicate and implement policies and procedures according to ISP-02 to protect its systems and its customers from malware, covering at least the following aspects: - Use of system-specific protection mechanisms; - Operating protection programs on system components under the responsibility of the CSP that are used to provide the cloud service in the production environment; and - Operation of protection programs for employees' terminal equipment.

[OPS-04] (Substantial) The CSP shall create regular reports on the malware checks performed, which shall be

[OPS-04] (High) The policies and instructions related to malware shall include the technical measures taken to securely configure, protect from malware, and monitor the administration interfaces (both the customer's self-service and the CSP's administration)

[OPS-04] (High) The CSP shall update the anti-malware products at the highest frequency that the vendors",,OPS-04,12.4,"5.1
5.37",
,OPS-05  - PROTECTION AGAINST MALWARE – IMPLEMENTATION,"[OPS-05] (Basic) The CSP shall deploy malware protection, if technically feasible, on all systems that support delivery of the cloud service in the production environment, according to policies and procedures

[OPS-05] (Substantial) Signature-based and behaviour-based malware protection tools shall be updated at least

[OPS-05] (High) The CSP shall automatically monitor the systems covered by the malware protection and the configuration of the corresponding mechanisms to guarantee fulfilment of OPS-05.1

[OPS-05] (High) The CSP shall automatically monitor the antimalware scans to track detected malware or",OPS-05,OPS-05,12.4,8.7,
,OPS-06  - DATA BACKUP AND RECOVERY – POLICIES,"[OPS-06] (Basic) The CSP shall document, communicate and implement policies and procedures according to ISP-02 for data backup and recovery

[OPS-06] (Substantial) The policies and procedures for backup and recovery shall cover at least the following",,OPS-06,12.4,"5.1
5.37",
,OPS-07  - DATA BACKUP AND RECOVERY – MONITORING,"[OPS-07] (Basic) The CSP shall document and implement technical and organizational measures to monitor the execution of data backups in accordance to the policies and procedures defined in OPS- 06

[OPS-07] (High) The CSP shall make available to its customers a self-service portal for automatically

[OPS-07] (High) The CSP shall automatically monitor their data backups to guarantee fulfilment of OPS-07.1",OPS-07,OPS-07,12.4,8.13,
,OPS-08  - DATA BACKUP AND RECOVERY – REGULAR TESTING,"[OPS-08] (Basic) The CSP shall test the restore procedures at least annually

[OPS-08] (Substantial) The restore tests shall assess if the specifications for the RTO and RPO agreed with the

[OPS-08] (Substantial) Any deviation from the specification during the restore test shall be reported to the CSP's responsible person for assessment and remediation

[OPS-08] (High) Recovery tests shall be included in the CSP’s business continuity management",,OPS-08,12.4,8.13,
,OPS-09  - DATA BACKUP AND RECOVERY – STORAGE,"[OPS-09] (Basic) The CSP shall transfer backup data to a remote location or transport them on backup media to a remote location

[OPS-09] (Basic) When the backup data is transmitted to a remote location via a network, the transmission of

[OPS-09] (Substantial) The CSP shall select a remote location to store its backups concerning the distance, recovery times and the impact of disasters of both sites

[OPS-09] (Substantial) The physical and environmental security measures at the remote site shall have the same

[OPS-09] (High) When the backup data is transmitted to a remote location via a network, the CSP shall automatically monitor the transmission to guarantee fulfilment of OPS-09.1",OPS-09,OPS-09,12.4,"8.13
8.14",
,OPS-10 - LOGGING AND MONITORING – POLICIES,"[OPS-10] (Basic) The CSP shall document, communicate and implement policies and procedures according to ISP-02 that govern the logging and monitoring of events on system components under its responsibility",,OPS-10,"12.1
12.6","5.1
5.37",
,OPS-11  - LOGGING AND MONITORING – DERIVED DATA MANAGEMENT,"[OPS-11] (Basic) The CSP shall document, communicate and implement policies and procedures according to ISP-02 that govern the secure handling of derived data

[OPS-11] (Substantial) The policies and procedures on derived data shall cover at least the following aspects:

[OPS-11] (High) Derived data, including log data, shall be taken into consideration in regulatory compliance",,OPS-11,"12.1
12.6","8.15
8.16",
,OPS-12  - LOGGING AND MONITORING – IDENTIFICATION OF EVENTS,"[OPS-12] (Basic) Identified events shall be reported to the appropriate departments for timely assessment and

[OPS-12] (Substantial) The monitoring of events mentioned in OPS-12.1 shall be automated

[OPS-12] (High) The CSP shall automatically monitor that event detection is effective on the list of critical",OPS-12,OPS-13,"12.1
12.6",8.16,
,"OPS-13 - LOGGING AND MONITORING – ACCESS, STORAGE AND DELETION","[OPS-13] (Basic) The CSP shall store all log data in an integrity-protected and aggregated form that allow its centralized evaluation

[OPS-13] (Basic) Log data shall be deleted when it is no longer required for the purpose for which they were

[OPS-13] (Basic) The communication between the assets to be logged and the logging servers shall be authenticated and protected in integrity and confidentiality

[OPS-13] (Substantial) The communication between the assets to be logged and the logging servers shall be

[OPS-13] (High) The CSP shall provide CSCs, upon request, access to customer-specific logging through an

[OPS-13] (High) The CSP shall automatically monitor the aggregation and deletion of logging and monitoring data to fulfil OPS-13.2",OPS-13,"OPS-12
OPS-14","12.1
12.6",8.15,
,OPS-14  - LOGGING AND MONITORING – ATTRIBUTION,"[OPS-14] (Basic) The log data generated allows an unambiguous identification of user accesses at the CSC level to support analysis in the event of an incident

[OPS-14] (Substantial) The CSP shall make available interfaces to conduct forensic analysis and perform backups of

[OPS-14] (High) In the context of an investigation of an incident concerning a CSC, the CSP shall have the ability to provide to the CSC the logs related to its cloud service",,OPS-15,"12.1
12.6",,
,OPS-15  - LOGGING AND MONITORING – CONFIGURATION,"[OPS-15] (Basic) The CSP shall restrict to authorized users only the access to system components used for logging and monitoring under their responsibility

[OPS-15] (Basic) Changes to the logging and monitoring configuration are made in accordance with applicable

[OPS-15] (Substantial) The access to system components for logging and monitoring shall require strong authentication",,OPS-16,"12.1
12.6","8.15
8.18",
,OPS-16  - LOGGING AND MONITORING – AVAILABILITY,"[OPS-16] (Basic) The CSP shall monitor the system components for logging and monitoring under its responsibility, and shall automatically report failures to the responsible departments for assessment and remediation

[OPS-16] (High) The CSP shall design the system components for logging and monitoring in such a way that",,OPS-17,"12.1
12.6","5.7
8.14",
,"OPS-17  - MANAGING VULNERABILITIES, MALFUNCTIONS AND ERRORS – POLICIES","[OPS-17] (Basic) The CSP shall document, communicated and implement in accordance to ISP-02 policies and procedures with technical and organisational measures to ensure the timely identification and addressing of vulnerabilities in the system components used to provide the cloud service

[OPS-17] (Substantial) The policies and procedures shall describe measures regarding at least the following

[OPS-17] (High) The CSP shall use a scoring system for the assessment of vulnerabilities that includes at least “critical” and “high” classes of vulnerabilities

[OPS-17] (Substantial) The CSP shall mandate in its policies and procedures the immediate handling of “critical”",,"OPS-18
OPS-22",,"5.22
5.24
8.32",
,"OPS-18  - MANAGING VULNERABILITIES, MALFUNCTIONS AND ERRORS – ONLINE REGISTERS","[OPS-18] (Basic) The CSP shall publish and maintain a publicly and easily accessible online register of known vulnerabilities that affect the cloud service and assets provided by the CSP that the CSCs have to install or operate under their own responsibility

[OPS-18] (Basic) The online register shall indicate at least the following information for every vulnerability:

[OPS-18] (Basic) The CSP shall publish and maintain a list of pointers to online registers published by its subservice providers and suppliers, or integrate regularly the content of these online registers relevant to the cloud service into its own online register (cf. OPS-18.1)

[OPS-18] (Basic) The CSP shall consult regularly the online registers published by its subservice providers and

[OPS-18] (Substantial) The CSP shall consult the online registers published by its subservice providers and suppliers at least daily, and update accordingly its own online register

[OPS-18] (High) The CSP shall equip with automatic update mechanisms the assets provided by the CSP that",OPS-18,PSS-03,,,
,"OPS-19  - MANAGING VULNERABILITIES, MALFUNCTIONS AND ERRORS – VULNERABILITY IDENTIFICATION","[OPS-19] (Basic) The CSP shall perform on a regular basis tests to detect publicly known vulnerabilities on the system components used to provide the cloud service, in accordance with policies for handling vulnerabilities (cf. OPS-17)

[OPS-19] (Substantial) The CSP shall have penetration tests carried out by qualified internal personnel or external service providers, according to a documented test methodology and including in their scope the system components relevant to the provision of the cloud service in the area of responsibility of the CSP, as identified in a risk analysis

[OPS-19] (Substantial) The CSP shall assess the penetration test findings and handle each identified vulnerability

[OPS-19] (High) The tests are performed following a multi-annual work program, reviewed annually, that covers system components and security controls according to the evolution of the cloud service and of the threat landscape.

[OPS-19] (High) Some of the penetration tests performed each year shall be performed by external service

[OPS-19] (High) The CSP shall perform a root cause analysis on the vulnerabilities discovered through penetration testing in order to assess to which extent similar vulnerabilities may be present in the cloud system

[OPS-19] (High) The CSP shall correlate the possible exploits of discovered vulnerabilities with previous",,"OPS-19
OPS-22",12.9,"8.32
8.25
8.28",
,"OPS-20 - MANAGING VULNERABILITIES, MALFUNCTIONS AND ERRORS – MEASUREMENTS, ANALYSES AND ASSESSMENTS OF PROCEDURES","[OPS-20] (Basic) The CSP shall regularly measure, analyse and assess the procedures with which vulnerabilities and incidents are handled to verify their continued suitability, appropriateness and effectiveness

[OPS-20] (Substantial) The CSP shall organize a quarterly review of the results of the assessment defined in OPS-",,OPS-20,12.9,"5.24
5.25",
,"OPS-21  - MANAGING VULNERABILITIES, MALFUNCTIONS AND ERRORS – SYSTEM HARDENING","[OPS-21] (Basic) The CSP shall harden all the system components under its responsibility that are used to provide the cloud service, according to accepted industry standards

[OPS-21] (High) The CSP shall automatically monitor the service components under its responsibility for compliance with hardening specifications",OPS-21,OPS-23,12.9,,
,OPS-22  - SEPARATION OF DATASETS IN THE CLOUD INFRASTRUCTURE,[OPS-22] (Basic) The CSP shall segregate the CSC data stored and processed on shared virtual and physical resources to ensure the confidentiality and integrity of this data according to the results of a risk analysis (cf. RM-01) ,,OPS-24,,8.22,
"A8 - Identity, Authentication, and Access Control Management",IAM-01  - POLICIES FOR ACCESS CONTROL TO INFORMATION,"[IAM-01] (Basic) The CSP shall link the access control policy defined in IAM-01.1 with the physical access

[IAM-01] (Substantial) The CSP shall base its access control policy on the use of role-based access control.",,IDM-01,9.1,"5.1
5.15

",
,IAM-02  - MANAGEMENT OF USER ACCOUNTS,"[IAM-02] (Basic) The CSP shall document policies for managing accounts, according to ISP-02, in which at least the following aspects are described: - Assignment of unique usernames - Definition of the different types of accounts supported, and assignment of access control parameters and roles to be considered for each type - Events leading to blocking and revoking accounts

[IAM-02] (Substantial) The CSP shall document, communicate and make available policies for managing accounts

[IAM-02] (Substantial) The CSP shall document, communicate and make available policies for managing accounts of users under the responsibility of the CSCs, according to ISP-02 and extending the policies defined in IAM-02.1, in which at least the following aspects are described: - Access control mechanisms available to CSCs - Access control parameters that the CSC is allowed to configure

[IAM-02] (Basic) The CSP shall document and implement procedures for managing personal user accounts

[IAM-02] (Basic) The CSP shall document and implement procedures for managing non-personal shared accounts and associated access rights that comply with the role and rights concept and with the policies for managing accounts

[IAM-02] (Basic) The CSP shall document and implement procedures for managing technical accounts and

[IAM-02] (Substantial) The CSP shall offer CSCs a self-service with which they can independently manage user accounts for all users under their responsibility.

[IAM-02] (High) The CSP shall be able to provide, for a given user account, whether it falls under the",,IDM-01," 9.3
9.2","5.15
5.16
5.17
5.18",
,"IAM-03  - LOCKING, UNLOCKING AND REVOCATION OF USER ACCOUNTS","[IAM-03] (Basic) The CSP shall define and implement an automated mechanism to block user accounts after a certain period of time

[IAM-03] (Substantial) The automated mechanism in IAM-03.1 shall block personal user accounts under the

[IAM-03] (Basic) The CSP shall define and implement an automated mechanism to block user accounts after a certain number of failed authentication attempts

[IAM-03] (Substantial) The limits on authentication attempts used in mechanism IAM-03.3 for user accounts under

[IAM-03] (Substantial) The CSP shall document a process to monitor stolen and compromised credentials and lock any pending account for which an issue is identified, pending a review by an authorized person

[IAM-03] (Substantial) The CSP shall implement the process in IAM-03.5 on all user accounts under its

[IAM-03] (High) The CSP shall implement the process in IAM-03.5 on all user accounts under its responsibility

[IAM-03] (Substantial) Approval from authorised personnel or system components is required to unlock accounts

[IAM-03] (Substantial) The CSP shall define and implement an automated mechanism to revoke user accounts that have been blocked by another automatic mechanism after a certain period of time

[IAM-03] (Substantial) The automated mechanism in IAM-03.9 shall revoke user accounts under the responsibility of

[IAM-03] (High) The CSP shall automatically monitor the implemented automated mechanisms to guarantee their compliance with IAM-03

[IAM-03] (High) The CSP shall automatically monitor the environmental conditions of authentication attempts",IAM-03,IDM-03,9.3,5.18,
,IAM-04  - MANAGEMENT OF ACCESS RIGHTS,"[IAM-04] (Basic) The CSP shall document and implement procedures to grant, update, and revoke to a user account under its responsibility access rights to resources of the information system of the cloud service, and these procedures shall be compliant with the role and rights concept and with the policies for managing access rights

[IAM-04] (Basic) The CSP shall document and implement a procedure to timely update or revoke the access

[IAM-04] (Substantial) The update or revocation of access rights procedure defined in IAM-04.2 shall be executed within 48 hours of the role change for privileged access rights and within 14 days for other access rights.

[IAM-04] (High) The CSP shall document a procedure to provide, for a given resource subject to access

[IAM-04] (High) The CSP shall document the incompatibility between access rights, and enforce these incompatibilities when access rights are granted or updated on a user account

[IAM-04] (Substantial) The CSP shall offer CSCs a self-service with which they can independently manage access rights for all user accounts under their responsibility.

[IAM-04] (Unknown) The ‘dynamic approach’ implies that the modification of access rights takes effect immediately, without requiring the user to logout and log back in (unless new access rights have been granted that require a more stringent authentication method)",,"IDM-02
IDM-04",9.3,"5.18
8.3",
,IAM-05  - REGULAR REVIEW OF ACCESS RIGHTS,"[IAM-05] (Basic) The CSP shall review the access rights of all the user accounts under its responsibility at least once a year to ensure that they still correspond to the current needs

[IAM-05] (Substantial) The review defined in IAM-05.1 shall be performed by authorised persons under the

[IAM-05] (Substantial) The CSP handles identified deviations timely, but no later than 7 days after their detection, by appropriately revoking or updating access rights.

[IAM-05] (Substantial) The CSP shall provide CSCs with a tool that facilitates the review of the access rights of user

[IAM-05] (High) The CSP shall perform the review defined in IAM-05.1 at least every six (6) months",,IDM-05,9.4,5.18,
,IAM-06  - PRIVILEGED ACCESS RIGHTS,"[IAM-06] (Substantial) Privileged access rights shall be personalised, limited in time according to a risk assessment and assigned as necessary for the execution of tasks (need-to-know principle)

[IAM-06] (Substantial) Activities of users with privileged access rights shall be logged in order to detect any misuse

[IAM-06] (Substantial) The CSP shall document and implement a procedure that, upon detection of potential misuse by the monitoring defined in IAM-06.2, informs the responsible personnel so that they can promptly assess whether misuse has occurred and take corresponding action.

[IAM-06] (Basic) Shared accounts under the responsibility of the CSP shall be assigned only to internal or

[IAM-06] (High) The CSP must revise every three (3) months the list of employees who are responsible for a technical account within its scope of responsibility

[IAM-06] (High) The CSP shall maintain an up-to-date inventory of the user accounts under its responsibility

[IAM-06] (Substantial) The CSP shall require strong authentication for accessing the administration interfaces used by the CSP

[IAM-06] (High) The CSP shall require strong authentication for accessing the administration interfaces",,IDM-06," 9.3
 9.4
 9.6","5.18
8.2",
,IAM-07  - AUTHENTICATION MECHANISMS,"[IAM-07] (Basic) The CSP shall document and implement a policy and procedures about authentication mechanisms, covering at least the following aspects: - The selection of mechanisms suitable for every type of account and each level of risk; - The protection of credentials used by the authentication mechanism; - The generation and distribution of credentials for new accounts; - Rules for the renewal of credentials, including periodic renewals, renewals in case of loss or compromise; and - Rules on the required strength of credentials, together with mechanisms to communicate and enforce the rules;

[IAM-07] (Substantial) The access to all environments of the CSP shall be authenticated, including non-production

[IAM-07] (High) The access to the production environment of the CSP shall require strong authentication

[IAM-07] (High) The access to all environments of the CSP containing CSC data shall require strong

[IAM-07] (Substantial) Within an environment, user authentication shall be performed through passwords, digitally signed certificates or procedures that achieve at least an equivalent level of security

[IAM-07] (Substantial) For access to non-personal shared accounts, the CSP shall implement measures that require

[IAM-07] (Basic) All authentication mechanisms shall include a mechanism to block an account after a predefined number of unsuccessful attempts

[IAM-07] (Substantial) The CSP shall offer strong authentication methods to the CSC for use with the accounts",,IDM-09,9.5,8.5,
,IAM-08  - PROTECTION AND STRENGTH OF CREDENTIALS,"[IAM-08] (Basic) The CSP shall document, communicate and make available to all users under its responsibility rules and recommendations for the management of credentials, including at least: - Non-reuse of credentials - Trade-offs between entropy and ability to memorize - Recommendations for renewal of passwords - Rules on storage of passwords

[IAM-08] (Substantial) The CSP rules and recommendations defined in IAM-08.1 shall address at least the following

[IAM-08] (High) The CSP shall require users to whom authentication credentials are provided to sign a declaration in which they assure that they treat personal (or shared) authentication confidentially and keep it exclusively for themselves

[IAM-08] (Basic) If cryptographic authentication mechanisms are used, they shall follow the policies and procedures from CKM-01.

[IAM-08] (Substantial) When creating credentials, compliance with specifications is enforced automatically as far as

[IAM-08] (Substantial) When a credential associated to a personal account is changed or renewed, the person associated to that account shall be notified

[IAM-08] (Substantial) Any password communicated to a user through e-mail, message or similar shall be changed

[IAM-08] (Substantial) The CSP shall make available to the CSC the rules and recommendations that shall or may apply to the users under their responsibility, and provide the CSC with tools to manage and enforce these rules",,IDM-08,,"5.17
8.5
8.24",
,IAM-09  - GENERAL ACCESS RESTRICTIONS,"[IAM-09] (Basic) The CSP shall implement sufficient partitioning measures between the information system providing the cloud service and its other information systems

[IAM-09] (Substantial) The CSP shall design, develop, configure and deploy the information system providing the

[IAM-09] (High) The CSP shall separate the administration interfaces made available to CSCs from those made available to its internal and external employees, and in particular: - The administration accounts under the responsibility of the CSP shall be managed using tools and directories that are separate from those used for the management of user accounts under the responsibility of the CSCs; - The administration interfaces made available to CSCs shall not allow for any connection from accounts under the responsibility of the CSP; - The administration interfaces used by the CSP shall not be accessible from the public network and as such shall not allow for any connection from accounts under the responsibility of the CSC.

[IAM-09] (Substantial) The CSP shall timely inform a CSC whenever internal or external employees of the CSP access in a non-encrypted form to the CSC's data processed, stored or transmitted in the cloud service without the prior consent of the CSC, including at least: - Cause, time, duration, type and scope of the access; - Enough details to enable subject matters experts of the CSC to assess the risks of the access.

[IAM-09] (High) The CSP shall require prior consent from a CSC before any access in a non-encrypted form

[IAM-09] (Substantial) If the CSP offers to its CSCs interfaces for administrators and for end users, these interfaces shall be separated",,IDM-07,"9.6
9.7",5.23,
A9 - Cryptography and Key Management,CKM-01  - POLICIES FOR THE USE OF CRYPTOGRAPHY AND KEY MANAGEMENT,"[CKM-01] (Substantial) Cryptography policies and procedures shall include risk-based provisions for the use of

[CKM-01] (Substantial) The strong encryption procedures and secure network protocols mentioned in the cryptography policies and procedures shall correspond to the state-of-the-art",,CRY-01,,"8.24
",
,CKM-02  - ENCRYPTION OF DATA IN MOTION,"[CKM-02] (Basic) The CSP shall define and implement strong encryption mechanisms for the transmission of cloud customer data over public networks

[CKM-02] (High) The CSP shall define, and implement strong encryption mechanisms for the transmission of",,CRY-02,10.2,"5.14
6.7",
,CKM-03  - ENCRYPTION OF DATA AT REST,"[CKM-03] (Basic) The CSP shall document and implement procedures and technical safeguards to encrypt cloud customers' data during storage

[CKM-03] (Substantial) The private and secret keys used for encryption shall be known only to the cloud customer in

[CKM-03] (Substantial) The procedures for the use of private and secret keys, including a specific procedure for any exceptions, shall be contractually agreed with the cloud customer

[CKM-03] (High) The private and secret keys used for encryption shall be known exclusively by the cloud",,CRY-03,10.1,"7.10
8.24",
,CKM-04  - SECURE KEY MANAGEMENT,"[CKM-04] (Basic) Procedures and technical safeguards for secure key management in the area of responsibility of the CSP shall include at least the following aspects: - Generation of keys for different cryptographic systems and applications; - Issuing and obtaining public-key certificates; - Provisioning and activation of the keys; - Secure storage of keys including description of how authorised users get access; - Changing or updating cryptographic keys including policies defining under which conditions and in which manner the changes and/or updates are to be realised; - Handling of compromised keys; and - Withdrawal and deletion of keys;

[CKM-04] (Substantial) For the secure storage of keys, the key management system shall be separated from the

[CKM-04] (High) For the secure storage of keys and other secrets used for the administration tasks, the CSP shall use a suitable security container, software or hardware

[CKM-04] (Substantial) If pre-shared keys are used, the specific provisions relating to the secure use of this",,CRY-04,10.5,8.24,
A10 - Communication security,CS-01  - TECHNICAL SAFEGUARDS,"[CS-01] (Basic) The CSP shall document, communicate and implement technical safeguards that are suitable to promptly detect and respond to network-based attacks and to ensure the protection of information and information processing systems, in accordance with ISP-02

[CS-01] (Substantial) The technical safeguards in CS-01.1 shall be based on the results of a risk analysis carried

[CS-01] (Substantial) The CSP shall feed into a SIEM (Security Information and Event Management) system, all data from the technical safeguards implemented so that automatic countermeasures regarding correlating events are initiated

[CS-01] (High) The CSP shall implement technical safeguards to ensure that no unknown (physical or

[CS-01] (High) The CSP shall use different technologies on its technical safeguards to prevent that a single vulnerability leads to the simultaneous breach of several defence lines",,COS-01,,"8.7
8.20",
,CS-02  - SECURITY REQUIREMENTS TO CONNECT WITHIN THE CSP’S NETWORK,[CS-02] ( Basic) The CSP shall document communicate make available and implement specific security requirements to connect within its network including at least:  when the security zones are to be separated and when the cloud customers are to be logically or physically segregated;  what communication relationships and what network and application protocols are permitted in each case;  how the data traffic for administration and monitoring are segregated from each other at the network level;  what internal cross-location communication is permitted; and  what cross-network communication is allowed.,,COS-02,,"8.20
8.22",
,CS-03 - MONITORING OF CONNECTIONS WITHIN THE CSP’S NETWORK,"[CS-03] (Basic) The CSP shall distinguish between trusted and untrusted networks, based on a risk assessment

[CS-03] (Basic) The CSP shall separate trusted and untrusted networks into different security zones for

[CS-03] (Basic) The CSP shall review at specified intervals the business justification for using all services,

[CS-03] (Substantial) The CSP shall assess the risks of identified vulnerabilities in accordance with the risk

[CS-03] (Substantial) The CSP shall protect all SIEM logs to avoid tampering",,COS-03,13.3,"8.20
8.21
8.22",
,CS-04  - NETWORKS FOR ADMINISTRATION,"[CS-04] (Basic) Each network perimeter shall be controlled by security gateways

[CS-04] (Substantial) Security gateways shall only allow legitimate connections identified in a matrix of authorized

[CS-04] (High) Each network perimeter shall be controlled by redundant and highly available security

[CS-04] (High) The CSP shall automatically monitor the control of the network perimeters to guarantee fulfilment of CS-04.1",,COS-06,13.2,"8.20
8.22",
,CS-05  - TRAFFIC SEPARATION IN SHARED NETWORK ENVIRONMENTS,"[CS-05] (Basic) The CSP shall define and implement separate networks for the administrative management of the infrastructure and the operation of management consoles

[CS-05] (Basic) The CSP shall logically or physically separate the networks for administration from the CSCs’

[CS-05] (Basic) The CSP shall segregate physically or logically the networks used to migrate or create virtual machines

[CS-05] (High) When the administration networks are not physically segregated from other networks, the

[CS-05] (High) The CSP shall set up and configure an application firewall in order to protect the administration interfaces intended for CSCs and exposed over a public network",,COS-06,,8.22,
,CS-06  - NETWORK TOPOLOGY DOCUMENTATION,"[CS-06] (Basic) The CSP shall define, document and implement segregation mechanisms at network level the data traffic of different cloud customers

[CS-06] (High) When implementing of infrastructure capabilities, the secure segregation shall be ensured by",,COS-07,13.1,,CLD.13.1.4
,CS-07  - SOFTWARE DEFINED NETWORKING,"[CS-07] (Basic) The CSP shall maintain up-to-date all documentation of the logical structure of the network used to provision or operate the cloud service

[CS-07] (Basic) The documentation shall cover, at least, how the subnets are allocated, how the network is

[CS-07] (Substantial) In liaison with the inventory of assets (cf. AM-01), the documentation shall include the equipment that provides security functions and the servers that host the data or provide sensitive functions.

[CS-07] (Substantial) The CSP shall perform a full review of the network topology documentation at least once a",,PSS-10,,"5.23
8.19",CLD.13.1.4
,CS-08  - DATA TRANSMISSION POLICIES,"[CS-08] (Basic) The CSP shall ensure the confidentiality of the cloud user data by suitable procedures when offering functions for software-defined networking (SDN)

[CS-08] (Basic) The CSP shall validate the functionality of the SDN functions before providing new SDN

[CS-08] (Substantial) The CSP shall ensure that the configuration of networks matches network security policies regardless of the means used to create the configuration",,CSO-08,,"5.14
5.34",
A11 - Portability and Interoperability,PI-01  - DOCUMENTATION AND SECURITY OF INPUT AND OUTPUT INTERFACES,"[PI-01] (Basic) The cloud service shall be accessible by cloud services from other CSPs or cloud customers’ IT systems through documented inbound and outbound interfaces

[PI-01] (Basic) The interfaces shall be clearly documented for subject matter experts to understand how they",,PI-01,,"5.2
5.14",
,PI-02  - CONTRACTUAL AGREEMENTS FOR THE PROVISION OF DATA,"[PI-02] (Basic) The CSP shall include in cloud service contractual agreements, at least, the following aspects concerning the termination of the contractual relationship: - Type, scope and format of the data the CSP provides to the CSC; - Delivery methods of the data to the cloud customer; - Definition of the timeframe, within which the CSP makes the data available to the CSC; - Definition of the point in time as of which the CSP makes the data inaccessible to the CSC and deletes these; and - The CSC's responsibilities and obligations to cooperate for the provision of the data.

[PI-02] (Substantial) The definitions in PI-02.1 shall be based on the needs of subject matter experts of potential",,PI-02,,"5.14
5.15
5.19
5.20
5.31",
,PI-03  - SECURE DELETION OF DATA,"[PI-03] (Basic) The CSP shall implement procedures for deleting its customers' data upon termination of their contract in compliance with the contractual agreements between them

[PI-03] (Substantial) The cloud customer's data deletion procedures shall prevent recovery by forensic means

[PI-03] (Substantial) The CSP shall document the deletion of the customer’s data, including metadata and data

[PI-03] (Substantial) At the end of the contract, the CSP shall delete the technical data concerning the client",,PI-03,19.4,8.1,
A12 - Change and Configuration Management,CCM-01  - POLICIES FOR CHANGES TO INFORMATION SYSTEMS,"[CCM-01] (Basic) The CSP shall document, implement, and communicate policies and procedures for change management of the IT systems supporting the cloud service according to ISP-02

[CCM-01] (Substantial) The change management policies and procedures shall cover at least the following aspects:",,DEV-03,"12.2
14.2","8.32
5.1
5.37",
,"CCM-02  - RISK ASSESSMENT, CATEGORISATION AND PRIORITISATION OF CHANGES","[CCM-02] (Basic) The CSP shall categorize and prioritize changes considering the potential security effects on the system components concerned

[CCM-02] (Substantial) The CSP shall base the decision on classification and prioritization on a risk assessment

[CCM-02] (High) If the risk associated to a planned change is high, then appropriate mitigation measures shall be taken before deploying the service

[CCM-02] (High) In accordance with contractual agreements, the CSP shall submit to authorised bodies of the",,DEV-05,,8.32,
,CCM-03  - TESTING CHANGES,"[CCM-03] (Basic) The CSP shall test proposed changes before deployment

[CCM-03] (Substantial) The tests shall be carried out by appropriately qualified employees or by automated test procedures that comply with the state-of-the-art

[CCM-03] (Substantial) The CSP shall first obtain approval from CSC and anonymise customer data before using it for tests, and shall guarantee the confidentiality of the data during the whole process

[CCM-03] (Substantial) The CSP shall determine the severity of the errors and vulnerabilities identified in the tests

[CCM-03] (High) The tests performed on a change before its deployment shall include tests on the service performed on a pre-production environment

[CCM-03] (High) The CSP shall document and implement a procedure that ensures the integrity of the test

[CCM-03] (High) Before deploying changes on a system component, the CSP shall perform regression testing on other components of the cloud service that depend on that system component to verify the absence of undesirable effects

[CCM-03] (High) The CSP shall automatically monitor the definition and execution of the tests relative to a",,DEV-06," 14.2
 14.3
 14.7","8.29
8.32",
,CCM-04  - APPROVALS FOR PROVISION IN THE PRODUCTION ENVIRONMENT,"[CCM-04] (Basic) The CSP shall approve any change to the cloud service, based on defined criteria, before they are made available to CSCs in the production environment

[CCM-04] (High) The CSP shall automatically monitor the approvals of changes deployed in the production environment to guarantee fulfilment of CCM-04.1",CCM-04,DEV-09,,"8.31
8.32",
,CCM-05  - PERFORMING AND LOGGING CHANGES,"[CCM-05] (Basic) The CSP shall define roles and rights according to IAM-01 for the authorised personnel or system components who are allowed to make changes to the cloud service in the production environment.

[CCM-05] (Basic) All changes to the cloud service in the production environment shall be logged and shall be

[CCM-05] (High) The CSP shall automatically monitor changes in the production environment to guarantee fulfilment of CCM-05.1",CCM-05,DEV-07,"12.2
14.2",8.33,
,CCM-06  - VERSION CONTROL,"[CCM-06] (Basic) The CSP shall implement version control procedures to track the dependencies of individual changes and to restore affected system components back to their previous state as a result of errors or identified vulnerabilities.

[CCM-06] (High) The version control procedures shall provide appropriate safeguards to ensure that the

[CCM-06] (High) The CSP shall retain a history of the software versions and of the systems that are implemented in order to be able to reconstitute, where applicable in a test environment, a complete environment such as was implemented on a given date; the retention time for this history shall be at least the same as that for backups (cf. OPS-06)",,"DEV-07
DEV-08",14.2,"8.32
5.30",
A13 -  Development Of Information Systems,DEV-01  - POLICIES FOR THE DEVELOPMENT AND PROCUREMENT OF INFORMATION SYSTEMS,"[DEV-01] (Basic) The CSP shall document, communicate and implement policies and procedures according to ISP-02 with technical and organisational measures for the secure development of the cloud service.

[DEV-01] (Basic) The policies and procedures for secure development shall consider information security from

[DEV-01] (Substantial) The policies and procedures for development shall include measures for the enforcement of

[DEV-01] (Unknown) These policies and procedures should focus on the Secure Software Development Life Cycle (SSDLC); they are expected to impact procedures beyond the present category, and in particular in the CCM and OPS categories",,DEV-01,14.1,"5.1
5.37
8.25",
,DEV-02  - DEVELOPMENT SUPPLY CHAIN SECURITY,"[DEV-02] (Basic) The CSP shall maintain a list of dependencies to hardware and software products used in the development of its cloud service

[DEV-02] (Substantial) The CSP shall document and implement policies for the use of third-party and open source

[DEV-02] (Substantial) The CSP makes its list of dependencies available to customers upon request

[DEV-02] (High) In procurement for the development of the cloud service, the CSP shall perform a risk",,,,"5.19
5.20
5.21",
,DEV-03 - SECURE DEVELOPMENT ENVIRONMENT,"[DEV-03] (Basic) The CSP shall ensure that the confidentiality and integrity of the source code is adequately protected at all stages of development

[DEV-03] (Basic) The CSP shall use version control to keep a history of the changes in source code with an

[DEV-03] (Substantial) The CSP shall implement a secure development and test environments that makes it possible to manage the entire development cycle of the information system of the cloud service

[DEV-03] (Substantial) The CSP shall consider the development and test environments when performing risk

[DEV-03] (Substantial) The CSP shall include development resources as part of the backup policy",,," 14.4 
","8.25
8.28",
,DEV-04  - SEPARATION OF ENVIRONMENTS,"[DEV-04] (Basic) The CSP shall ensure that production environments are physically or logically separated from development, test or pre-production environments

[DEV-04] (Basic) Data contained in the production environments shall not be used in development, test or pre-",,DEV-10,,8.31,
,DEV-05  - DEVELOPMENT OF SECURITY FEATURES,"[DEV-05] (Substantial) Design documentation for security features shall include a specification of expected inputs,

[DEV-05] (Substantial) The tests of the security features shall cover all the specified inputs and all specified outcomes, including all specified error conditions.

[DEV-05] (Substantial) The documentation of the tests for security features shall include at least a description of the

[DEV-05] (High) The documentation of the tests shall include a demonstration of the coverage of the source code, including branch coverage for security-critical code.",,,"14.3
12.10",,
,DEV-06  - IDENTIFICATION OF VULNERABILITIES OF THE CLOUD SERVICE,"[DEV-06] (Basic) The CSP shall apply appropriate measures to check the cloud service for vulnerabilities that may have been integrated into the cloud service during the development process.

[DEV-06] (Substantial) The procedures shall include the following activities, depending on the risk assessment: - Static Application Security Testing; - Dynamic Application Security Testing; - Code reviews by subject matter experts; and - Obtaining information about confirmed vulnerabilities in software libraries provided by third parties and used in their own cloud service.

[DEV-06] (Substantial) The CSP shall assess the severity of identified vulnerabilities according to the criteria defined in OPS-17 and measures are taken to immediately eliminate or mitigate them.

[DEV-06] (High) The procedures for identifying such vulnerabilities also shall include annual code reviews and",,PSS-02,12.11,8.8,
,DEV-07  - OUTSOURCING OF THE DEVELOPMENT,"[DEV-07] (Substantial) Before subcontracting the development of the cloud service or components thereof, the CSP

[DEV-07] (High) The CSP shall document and implement a procedure that makes it possible to supervise and control the outsourced development activity, in order to ensure that the outsourced development activity is compliant with the secure development policy of the service provider and makes it possible to achieve a level of security of the external development that is equivalent to that of internal development

[DEV-07] (High) Internal or external employees of the CSP shall run the tests that are relevant for the",,DEV-02,14.5,8.3,
,DEV-08 CONTROLLING EXCHANGES WITH SUPPLIERS OF FUNCTIONAL COMPONENTS,[DEV-08] (nan) The exchanges with suppliers of functional components are limited and controlled by the CSP.,,,"3.2
12.10
12.13
12.14",,
A14 - Procurement Management,PM-01  - POLICIES AND PROCEDURES FOR CONTROLLING AND MONITORING THIRD PARTIES,"[PM-01] (Basic) The CSP shall document, communicate and implement policies and procedures according to ISP-02 for controlling and monitoring third parties whose products or services contribute to the provision of the cloud service:

[PM-01] (Substantial) The policies and procedures defined in PM-01.1 shall cover at least the following aspects:

[PM-01] (High) The reports shall include the complementary subservice organisation controls that are

[PM-01] (High) In case the supplier organizations are not able to provide an EUCS compliance report, the CSP shall reserve the right to audit them to assess the suitability and effectiveness of the service-related internal and complementary controls by qualified personnel",,SSO-01 ,15,"5.8
5.19",
,PM-02  - RISK ASSESSMENT OF SUPPLIERS,"[PM-02] (Basic) The CSP shall perform a risk assessment of its suppliers in accordance with the policies and procedures for the control and monitoring of third parties before they start contributing to the provision of the cloud service:

[PM-02] (Substantial) The risk assessment shall include the identification, analysis, evaluation, handling, and

[PM-02] (Basic) The CSP shall ensure that the subservice provider has implemented the CSOCs, and that the

[PM-02] (Basic) The adequacy of the risk assessment and of the definition of CSOCs shall be reviewed regularly, at least annually

[PM-02] (Unknown) This is intended to prepare the work on dependencies. During the main audit, the auditor verifies the availability of assurance documentation, but the verification of that documentation is performed in a separate task.",,SSO-02,15,"5.19
5.21",
,PM-03  - DIRECTORY OF SUPPLIERS,"[PM-03] (Basic) The CSP shall maintain a directory for controlling and monitoring the suppliers who contribute to the delivery of the cloud service

[PM-03] (Substantial) The directory shall contain the following information:

[PM-03] (Basic) The CSP shall verify the directory for completeness, accuracy and validity at least annually",,SSO-03,15.1,,
,PM-04  - MONITORING OF COMPLIANCE WITH REQUIREMENTS,"[PM-04] (Substantial) Monitoring activities shall include at least a regular review of the following evidence, as

[PM-04] (Basic) The frequency of the monitoring shall correspond to the classification of the third party based on the risk assessment conducted by the Cloud Service Provider (cf. PM-02), and the results of the monitoring shall be included in the review of the third party's risk assessment.

[PM-04] (Basic) Identified violations and deviations shall be analysed, evaluated and treated in accordance

[PM-04] (Basic) When a change in a third-party contributing to the delivery of the cloud service affects its level of security, the CSP shall inform all of its CSCs without delay

[PM-04] (Substantial) The CSP shall document and implement a procedure to review and update, at least once a

[PM-04] (High) The CSP shall supplement procedures for monitoring compliance with automatic monitoring, by leveraging automatic procedures relating to the following aspects: - Configuration of system components; - Performance and availability of system components; - Response time to malfunctions and security incidents; and - Recovery time (time until completion of error handling).

[PM-04] (High) The CSP shall automatically monitor Identified violations and discrepancies, and these shall

[PM-04] (Unknown) This automated monitoring may also lead to the identification of nonconformities, which may need to be reported to the CAB as part of the CSP’s continuous monitoring obligations.",PM-04,SSO-04,15.5,5.22,
,PM-05  - EXIT STRATEGY,"[PM-05] (High) The CSP shall define exit strategies for the purchase of services where the risk assessment of the suppliers identified a very high dependency

[PM-05] (Substantial) The exit strategies shall be aligned with operational continuity plans and include the following",,SSO-05,3.2,,
A15 - Incident Management,IM-01  - POLICY FOR SECURITY INCIDENT MANAGEMENT,"[IM-01] (Basic) The CSP shall document, communicate and implement policies and procedures according to ISP-02 containing technical and organisational safeguards to ensure a fast, effective and proper response to all known security incidents:

[IM-01] (Basic) The policies and procedures shall include guidelines for the classification, prioritization, and

[IM-01] (Basic) The CSP shall establish a Computer Emergency Response Team (CERT), which contributes to the coordinated resolution of security incidents

[IM-01] (Substantial) The CSP shall inform the customers affected by security incidents in a timely and appropriate

[IM-01] (Substantial) The incident management policy shall include procedures as to how the data of a suspicious system can be collected in a conclusive manner in the event of a security incident

[IM-01] (High) The incident management policy shall include an evaluation methodology so that the collected information does not lose its evidential value in any subsequent legal assessment

[IM-01] (High) The incident management policy shall include provisions for the regular testing of the incident",,"SIM-01
SSO-01",16.1,"5.24
5.25",
,IM-02  - PROCESSING OF SECURITY INCIDENTS,"[IM-02] (Basic) The CSP shall classify, prioritize, and perform root-cause analyses for events that could constitute a security incident, using their subject matter experts and external security providers where appropriate

[IM-02] (Substantial) The CSP shall maintain a catalogue that clearly identifies the security incidents that affect

[IM-02] (Substantial) The incident classification mechanism shall include provisions to correlate events. In addition, these correlated events shall themselves be assessed and classified according to their criticality

[IM-02] (High) The CSP shall simulate the identification, analysis, and defence of security incidents and

[IM-02] (High) The CSP shall monitor the processing of incident to verify the application of incident management policies and procedures",IM-02,SIM-02,"16.3
16.5","5.25
8.8",
,IM-03  - DOCUMENTATION AND REPORTING OF SECURITY INCIDENTS,"[IM-03] (Basic) The CSP shall document the implemented measures after a security incident has been processed and, following the contractual agreements, the document shall be sent to the affected customers for final acknowledgment or, if applicable, as confirmation.

[IM-03] (Basic) The CSP shall make information on security incidents or confirmed security breaches

[IM-03] (Substantial) The CSP shall continuously report on security incidents to affected customers until the security incident is closed and a solution is applied and documented, in accordance to the defined SLA and contractual agreements

[IM-03] (High) The CSP shall allow customers to actively approve the solution before automatically",,SIM-03,16.5,5.26,
,IM-04  - USER’S DUTY TO REPORT SECURITY INCIDENTS,"[IM-04] (Basic) The CSP shall inform employees and external business partners of their contractual obligations to report all security events that become known to them and are directly related to the cloud service

[IM-04] (Basic) The CSP shall not take any negative action against those who communicate ""false reports"" of

[IM-04] (Basic) The CSP shall define, make public and implement a single point of contact to report security events and vulnerabilities",,SIM-04,16.2,5.24,
,IM-05  - INVOLVEMENT OF CLOUD CUSTOMERS IN THE EVENT OF INCIDENTS,"[IM-05] (Basic) The CSP shall periodically inform its customers on the status of the incidents affecting the CSC, or, where appropriate and necessary, involve them in the resolution, according to the contractual agreements

[IM-05] (Basic) As soon as an incident has been closed, The CSP shall inform its customers about the",,OPS-21,16.2,"5.27
8.8",
,IM-06  - EVALUATION AND LEARNING PROCESS,"[IM-06] (Basic) The CSP shall perform an analysis of security incidents to identify recurrent or significant incidents and to identify the need for further protection, if needed with the support of external bodies

[IM-06] (Basic) The CSP shall only contract supporting external bodies that are qualified incident response

[IM-06] (Substantial) The CSP shall define, implement and maintain a knowledge repository of security incidents and the measures taken to solve them, as well as information related to the assets that these incidents affected, and use that information to enrich the classification catalogue

[IM-06] (Substantial) The intelligence gained from the incident management and gathered in the knowledge",,SIM-05,16.5,5.27,
,IM-07  - INCIDENT EVIDENCE PRESERVATION,"[IM-07] (Basic) The CSP shall document and implement a procedure to archive all documents and evidence that provide details on security incidents

[IM-07] (Substantial) The documents and evidence shall be archived in a way that could be used as evidence in

[IM-07] (Substantial) When the CSP requires additional expertise in order to preserve the evidences and secure the chain of custody on a security incident, the CSP shall contract a qualified incident response service provider only

[IM-07] (Basic) The CSP shall implement security mechanisms and processes for protecting all the

[IM-07] (High) The service provider shall establish an integrated team of forensic/incident responder personnel specifically trained on evidence preservation and chain of custody management",,SIM-05,16.5,5.28,
A16 - Business Continuity,BC-01  - BUSINESS CONTINUITY POLICIES AND TOP MANAGEMENT RESPONSIBILITY,"[BC-01] (Basic) The CSP shall document, communicate and make available policies and procedures establishing the strategy and guidelines to ensure business continuity and contingency management

[BC-01] (Substantial) The CSP shall name (a member of) top management as the process owner of business

[BC-01] (Substantial) The business continuity and contingency management process owner shall ensure that sufficient resources are made available for an effective process",,BCM-01,17.1,"5.1
5.29",
,BC-02  - BUSINESS IMPACT ANALYSIS PROCEDURES,"[BC-02] (Basic) The policies and procedures for business continuity and contingency management shall include the need to perform a business impact analysis to determine the impact of any malfunction to the cloud service or enterprise.

[BC-02] (Substantial) The business impact analysis policies and procedures shall consider at least the following

[BC-02] (Substantial) The business impact analysis resulting from these policies and procedures shall be reviewed at regular intervals, at least once a year, or after significant organisational or environment- related changes.",,"BCM-02
BCM-04","17.2
17.4",5.3,
,BC-03 - BUSINESS CONTINUITY AND CONTINGENCY PLANNING,"[BC-03] (Basic) The CSP shall document and implement a business continuity plan and contingency plans to ensure continuity of the services, taking into account information security constraints and the results of the business impact analysis

[BC-03] (Substantial) The business continuity plan and contingency plans shall be based on industry-accepted

[BC-03] (Substantial) The business continuity plan and contingency plans shall cover at least the following aspects: - Defined purpose and scope, including relevant business processes and dependencies; - Accessibility and comprehensibility of the plans for persons who are to act accordingly; - Ownership by at least one designated person responsible for review, updating and approval; - Defined communication channels, roles and responsibilities including notification of the customer; - Recovery procedures, manual interim solutions and reference information (taking into account prioritisation in the recovery of cloud infrastructure components and services and alignment with customers); - Methods for putting the plans into effect; - Continuous process improvement; and - Interfaces to Security Incident Management.

[BC-03] (Substantial) The business continuity plan shall be reviewed at regular intervals, at least once a year, or",,"BCM-02
BCM-04",17.2,5.3,
,BC-04  - BUSINESS CONTINUITY TESTS AND EXERCISES,"[BC-04] (Substantial) The business impact analysis, business continuity plan and contingency plans shall be tested at regular intervals (at least once a year) or after an update

[BC-04] (Substantial) The tests shall be documented and the results considered to update the business continuity

[BC-04] (Substantial) The tests shall involve CSCs and relevant third parties, such as external service providers and suppliers

[BC-04] (High) In addition to the tests, exercises shall also be carried out, which are, among other things,",,BCM-04,17.3,5.3,
A17 - Compliance,CO-01  - IDENTIFICATION OF APPLICABLE COMPLIANCE REQUIREMENTS,"[CO-01] (Substantial) The CSP shall document and implement procedures for complying to these contractual

[CO-01] (High) The CSP shall provide these procedures when requested by a CSC

[CO-01] (High) The CSP shall document and implement an active monitoring of the legal, regulatory and",,COM-01,18.1,5.31,
,CO-02  - POLICY FOR PLANNING AND CONDUCTING AUDITS,"[CO-02] (Substantial) The CSP shall document and implement an audit programme over three years that defines

[CO-02] (High) The CSP shall grant its CSCs contractually guaranteed information and define their audit rights",,COM-02,18.2,8.34,
,CO-03  - INTERNAL AUDITS OF THE INTERNAL CONTROL SYSTEM,"[CO-03] (Substantial) Identified vulnerabilities and deviations shall be subject to risk assessment in accordance with the risk management procedure (cf. RM-01) and follow-up measures are defined and tracked (cf. OPS-17).

[CO-03] (High) Internal audits shall be supplemented by procedures to automatically monitor compliance with

[CO-03] (High) The CSP shall implement automated monitoring to identify vulnerabilities and deviations, which shall be automatically reported to the appropriate CSP’s subject matter experts for immediate assessment and action

[CO-03] (Basic) The CSP shall document specifically deviations that are nonconformities from the EUCS",CO-03,COM-03,,5.35,
,CO-04  - INFORMATION ON INTERNAL CONTROL SYSTEM ASSESSMENT,"[CO-04] (Basic) The CSP shall regular inform its top management about the information security performance within the scope of the internal control system.

[CO-04] (Substantial) This information shall be included in the management review of the internal control system",,COM-04,,8.34,
A18 - User Documentation,DOC-01  - GUIDELINES AND RECOMMENDATIONS FOR CLOUD CUSTOMERS,"[DOC-01] (Basic) The CSP shall make publicly available guidelines and recommendations to assist CSCs with the secure configuration, installation, deployment, operation and maintenance of the cloud service provided

[DOC-01] (Substantial) The guidelines and recommendations for the secure use of the cloud service shall cover at

[DOC-01] (Basic) The CSP shall maintain guidelines and recommendations applicable to the cloud service in the version intended for productive use

[DOC-01] (High) The CSP shall regularly analyse how the CSCs apply the security recommendations and CCCs, and take measure to encourage compliance based on the defined shared responsibility model",,PSS-01,,,
,DOC-02 - LOCATIONS OF DATA PROCESSING AND STORAGE,"[DOC-02] (Basic) The CSP shall operate or refer to a publicly available and daily updated online register of known vulnerabilities that affect the provided cloud service

[DOC-02] (Substantial) The online register of vulnerabilities shall also include known vulnerabilities that affect assets

[DOC-02] (Substantial) The presentation of the vulnerabilities shall follow an industry-accepted scoring system for the description of vulnerabilities

[DOC-02] (Substantial) The information contained in the online register shall include sufficient information to form a

[DOC-02] (Substantial) For each vulnerability, the online register shall indicate whether software updates are available, when they will be rolled out and whether they will be deployed by the CSP, the CSC or both

[DOC-02] (High) The CSP shall equip with automatic update mechanisms the assets it provides that must be",,BC-01,19.2,,
,DOC-03 - JUSTIFICATION OF THE TARGETED EVALUATION LEVEL,"[DOC-03] (Basic) The CSP shall provide comprehensible and transparent information on: - Its jurisdiction; and - System component locations, including its subcontractors, where the cloud customer's data is processed, stored and backed up.

[DOC-03] (Basic) The CSP shall provide sufficient information for subject matter experts of the CSC to

[DOC-03] (Substantial) The CSP shall provide information about - The locations from administration and supervision may be carried out on the cloud service; - The locations to which any cloud customer data, meta-data or derived data may be transferred, processed or stored.

[DOC-03] (High) The CSP shall document the locations from which it conducts support operations for clients,",,,,,
,DOC-04 - GUIDELINES AND RECOMMENDATIONS FOR COMPOSITION,"[DOC-04] (Basic) The CSP shall provide a justification for the assurance level targeted in the certification, based on the risks associated to the cloud service’s targeted users and use cases

[DOC-04] (Basic) If the CSP claims compliance to security profiles for its cloud service, the justification shall

[DOC-04] (High) A summary of the justification shall be made publicly available as part of the certification package, which shall allow CSCs to perform a high-level analysis about their own use cases",,,,,
,DOC-05 - CONTRIBUTION TO THE FULFILMENT OF REQUIREMENTS FOR COMPOSITION,"[DOC-05] (Basic) If the CSP expects CSCs to certify with EUCS their own services based on its cloud service using composition, it shall provide specific documentation for them, based on the Complementary Customer Controls (CCCs) that they have defined

[DOC-05] (Basic) The CSP shall include in the description provided for each CCC a list of actionable

[DOC-05] (Basic) The CSP shall make the documentation defined in DOC-05.1 available to cloud customers upon request",,,,,
A19 - Dealing with Investigation Requests from Government Agencies,INQ-01  - LEGAL ASSESSMENT OF INVESTIGATIVE INQUIRIES,"[INQ-01] (Basic) The CSP shall subject investigation requests from government agencies to a legal assessment by subject matter experts

[INQ-01] (Basic) The legal assessment shall determine whether the government agency has an applicable and",,INQ-01,,,
,INQ-02  - INFORMING CLOUD CUSTOMERS ABOUT INVESTIGATION REQUESTS,"[INQ-02] (Basic) The CSP shall inform the affected CSC(s) without undue delay, unless the applicable legal basis on which the government agency is based prohibits this or there are clear indications of illegal actions in connection with the use of the cloud service",,INQ-02,,,
,INQ-03 - CONDITIONS FOR ACCESS TO OR DISCLOSURE OF DATA IN INVESTIGATION REQUESTS,"[INQ-03] (Basic) The CSP shall only provide access to or disclose cloud customer data in the context of government investigation requests after the CSP’s legal assessment (cf. INQ-01) has shown that an applicable and valid legal basis exists and that the investigation request must be granted on that basis.

[INQ-03] (Basic) The CSP shall document and implement procedures to ensure that government agencies

[INQ-03] (Substantial) When no clear limitation of the data is possible, the CSP shall anonymise or pseudonymise the data so that government agencies can only assign it to those cloud customers who are subject of the investigation request

[INQ-03] (High) The CSP shall automatically monitor the accesses performed by or on behalf of investigators",INQ-03,"INQ-03
INQ-04",,,
A20 - Product Security,PSS-01  - ERROR HANDLING AND LOGGING MECHANISMS,"[PSS-01] (Basic) The CSP shall offer to their CSCs error handling and logging mechanisms that allow them to obtain security-related information about the security status of the cloud service as well as the data, services or functions it provides

[PSS-01] (Substantial) The information provided shall be detailed enough to allow cloud users to check the following

[PSS-01] (Substantial) The logged information shall be protected from unauthorised access and modification and can be deleted by the CSC

[PSS-01] (Substantial) When the CSC is responsible for the activation or type and scope of logging, the CSP shall

[PSS-01] (High) The CSP shall make the information available to CSCs via documented interfaces that are suitable for further processing this information as part of their Security Information and Event Management (SIEM).",,PSS-04,,8.15,
,PSS-02  - SESSION MANAGEMENT,"[PSS-02] (Basic) A suitable session management system shall be used that at least corresponds to the state- of-the-art and is protected against known attacks

[PSS-02] (Substantial) The session management system shall include mechanisms that invalidate a session after it

[PSS-02] (Substantial) If inactivity is detected by time measurement, the time interval shall be configurable by the CSP or – if technically possible – by the CSC",,PSS-06,,8.16,
,PSS-03  - SOFTWARE DEFINED NETWORKING,"[PSS-03] (Unknown) The CSP shall ensure the confidentiality of the cloud user data by suitable procedures when offering functions for software-defined networking (SDN)

[PSS-03] (Basic) The CSP shall validate the functionality of the SDN functions before providing new SDN

[PSS-03] (Unknown) The CSP shall ensure that the configuration of networks matches network security policies regardless of the means used to create the configuration",,PSS-10,,"8.20
8.21",CLD.13.1.4
,PSS-04  - IMAGES FOR VIRTUAL MACHINES AND CONTAINERS,"[PSS-04] (Basic) The CSP shall ensure the following aspects if CSCs operate virtual machines or containers with the cloud service: - The CSC can restrict the selection of images of virtual machines or containers according to his specifications, so that users of this CSC can only launch the images or containers released according to these restrictions. - In addition, these images provided by the CSP are hardened according to generally accepted industry standards.

[PSS-04] (Substantial) The CSP shall ensure the following aspects if CSCs operate virtual machines or containers

[PSS-04] (High) An integrity check shall be performed and automatically monitored to detect image manipulations and reported to the CSC at start-up and runtime of virtual machine or container images",PSS-04,PSS-11,,,
,PSS-05  - CHOICE OF LOCATIONS FOR DATA PROCESSING AND STORAGE,"[PSS-05] (Substantial) The CSP shall allow the CSC to specify the locations (location/country) of the data processing and storage including data backups according to the contractually available options

[PSS-05] (Substantial) All CSP commitments regarding locations of data processing and storage shall be enforced",,PSS-12,,5.23,
